{
  "likes_media_likes": [
    {
      "title": "ohnotoby",
      "string_list_data": [
        {
          "href": "https://www.instagram.com/p/C51hI1utJSE/",
          "value": "\u00f0\u009f\u0091\u008d",
          "timestamp": 1771165041
        }
      ]
    },
    {
      "title": "restaurant.flore",
      "string_list_data": [
        {
          "href": "https://www.instagram.com/p/DSxdggLjJcd/",
          "value": "\u00f0\u009f\u0091\u008d",
          "timestamp": 1771165029
        }
      ]
    },
    {
      "title": "restaurant.flore",
      "string_list_data": [
        {
          "href": "https://www.instagram.com/p/DS7wrX-j22K/",
          "value": "\u00f0\u009f\u0091\u008d",
          "timestamp": 1771165026
        }
      ]
    },
    {
      "title": "northcoteuk",
      "string_list_data": [
        {
          "href": "https://www.instagram.com/p/DUbJbPHjadg/",
          "value": "\u00f0\u009f\u0091\u008d",
          "timestamp": 1771165023
        }
      ]
    },
    {
      "title": "restaurant.flore",
      "string_list_data": [
        {
          "href": "https://www.instagram.com/p/DUoA6UzjAvY/",
          "value": "\u00f0\u009f\u0091\u008d",
          "timestamp": 1771165016
        }
      ]
    },
    {
      "title": "ottolenghi",
      "string_list_data": [
        {
          "href": "https://www.instagram.com/p/DT4tdqWCLlC/",
          "value": "\u00f0\u009f\u0091\u008d",
          "timestamp": 1771164891
        }
      ]
    },
    {
      "title": "ottolenghi",
      "string_list_data": [
        {
          "href": "https://www.instagram.com/p/DUcwz87iBba/",
          "value": "\u00f0\u009f\u0091\u008d",
          "timestamp": 1771164884
        }
      ]
    },
    {
      "title": "michelinguide",
      "string_list_data": [
        {
          "href": "https://www.instagram.com/p/DT2kk5rklTK/",
          "value": "\u00f0\u009f\u0091\u008d",
          "timestamp": 1771164821
        }
      ]
    }
  ]
}