{
  "relationships_following": [
    {
      "title": "stephanieizard",
      "string_list_data": [
        {
          "href": "https://www.instagram.com/_u/stephanieizard",
          "timestamp": 1771164921
        }
      ]
    },
    {
      "title": "ottolenghi",
      "string_list_data": [
        {
          "href": "https://www.instagram.com/_u/ottolenghi",
          "timestamp": 1771164870
        }
      ]
    },
    {
      "title": "michelinguide",
      "string_list_data": [
        {
          "href": "https://www.instagram.com/_u/michelinguide",
          "timestamp": 1771164813
        }
      ]
    }
  ]
}