{
  "searches_user": [
    {
      "title": "ottolenghi",
      "string_list_data": [
        {
          "href": "https://www.instagram.com/_u/ottolenghi",
          "timestamp": 1771164868
        }
      ]
    },
    {
      "title": "stephanieizard",
      "string_list_data": [
        {
          "href": "https://www.instagram.com/_u/stephanieizard",
          "timestamp": 1771164918
        }
      ]
    },
    {
      "title": "flor_amsterdam",
      "string_list_data": [
        {
          "href": "https://www.instagram.com/_u/flor_amsterdam",
          "timestamp": 1771164953
        }
      ]
    },
    {
      "title": "realdonaldtrump",
      "string_list_data": [
        {
          "href": "https://www.instagram.com/_u/realdonaldtrump",
          "timestamp": 1770977346
        }
      ]
    },
    {
      "title": "restaurant.flore",
      "string_list_data": [
        {
          "href": "https://www.instagram.com/_u/restaurant.flore",
          "timestamp": 1771165002
        }
      ]
    },
    {
      "title": "michelinguide",
      "string_list_data": [
        {
          "href": "https://www.instagram.com/_u/michelinguide",
          "timestamp": 1771164810
        }
      ]
    },
    {
      "title": "ohnotoby",
      "string_list_data": [
        {
          "href": "https://www.instagram.com/_u/ohnotoby",
          "timestamp": 1771165035
        }
      ]
    }
  ]
}