[
  {
    "media_list_data": [
      {
        "uri": ""
      }
    ],
    "string_map_data": {
      "Comment": {
        "value": "Too cute!"
      },
      "Media Owner": {
        "value": "ohnotoby"
      },
      "Time": {
        "timestamp": 1771165061
      }
    }
  },
  {
    "media_list_data": [
      {
        "uri": ""
      }
    ],
    "string_map_data": {
      "Comment": {
        "value": "Tooobyyyyy!!!"
      },
      "Media Owner": {
        "value": "ohnotoby"
      },
      "Time": {
        "timestamp": 1771165049
      }
    }
  }
]