{
    "Device Info": [
        {
            "sync_user_agent": "Chrome LINUX 144.0.7559.109 (6a8d5e49388fcc8a7d56d2a275e4ef424eb10960-refs/branch-heads/7559@{#4008}) channel(stable)",
            "device_type": "TYPE_LINUX",
            "chrome_version_info": {"version_number": "144.0.7559.109"},
            "signin_scoped_device_id": "992130a7-de01-4b32-8032-b8bf71a9e250",
            "manufacturer": "Gigabyte Technology Co., Ltd.",
            "cache_guid": "o1P5pRT/Tpv0MvJcxQ3/tw==",
            "device_form_factor": "DEVICE_FORM_FACTOR_DESKTOP",
            "pulse_interval_in_minutes": 1440,
            "feature_fields": {
                        "send_tab_to_self_receiving_type": "SEND_TAB_RECEIVING_TYPE_CHROME_OR_UNSPECIFIED",
                        "send_tab_to_self_receiving_enabled": true
            },
            "invalidation_fields": {
                        "instance_id_token": "cTG8kTYnYpU:APA91bFQVpnmhweBKWNEes40-xcO1SkRks5x0Llu461Akxgi4zF2fQjy9bD4poGBOG-NPEfMPXn3TvYDvAVXTHD-5InlsIACzz8Z6EFlCEz7uj2rQnjbolc",
                        "interested_data_type_ids": [
                                    32904,
                                    37702,
                                    45873,
                                    63951,
                                    31729,
                                    1164238,
                                    306270,
                                    330441,
                                    774329,
                                    1033580,
                                    41210,
                                    48119,
                                    88610,
                                    50119,
                                    48364,
                                    103656,
                                    96159,
                                    150251,
                                    170540,
                                    154522,
                                    163425,
                                    411028,
                                    601980,
                                    673225,
                                    963985,
                                    1034378,
                                    1004874,
                                    895275,
                                    1141935,
                                    1419865,
                                    1438954,
                                    1520954,
                                    47745
                        ]
            },
            "os_type": "OS_TYPE_LINUX",
            "last_updated_timestamp": 1771283094865,
            "model": "X670 AORUS ELITE AX",
            "client_name": "abacus",
            "chrome_version": "144.0.7559.109"
}
    ]
}