{
  "apps_and_websites_off_meta_activity": [
    {
      "name": "bol",
      "events": [
        {
          "id": 903451823449917,
          "type": "PAGE_VIEW",
          "timestamp": 1770921240
        },
        {
          "id": 903451823449917,
          "type": "VIEW_CONTENT",
          "timestamp": 1770155520
        },
        {
          "id": 903451823449917,
          "type": "PAGE_VIEW",
          "timestamp": 1770069960
        },
        {
          "id": 903451823449917,
          "type": "PAGE_VIEW",
          "timestamp": 1770032220
        },
        {
          "id": 903451823449917,
          "type": "PAGE_VIEW",
          "timestamp": 1769886420
        },
        {
          "id": 903451823449917,
          "type": "PAGE_VIEW",
          "timestamp": 1769812620
        },
        {
          "id": 903451823449917,
          "type": "PAGE_VIEW",
          "timestamp": 1769701860
        },
        {
          "id": 903451823449917,
          "type": "PAGE_VIEW",
          "timestamp": 1769690220
        },
        {
          "id": 903451823449917,
          "type": "PAGE_VIEW",
          "timestamp": 1768305060
        },
        {
          "id": 903451823449917,
          "type": "PAGE_VIEW",
          "timestamp": 1768304220
        },
        {
          "id": 903451823449917,
          "type": "PAGE_VIEW",
          "timestamp": 1768150320
        },
        {
          "id": 903451823449917,
          "type": "PAGE_VIEW",
          "timestamp": 1767629040
        },
        {
          "id": 903451823449917,
          "type": "PAGE_VIEW",
          "timestamp": 1767474240
        },
        {
          "id": 903451823449917,
          "type": "PAGE_VIEW",
          "timestamp": 1767045240
        },
        {
          "id": 903451823449917,
          "type": "PAGE_VIEW",
          "timestamp": 1766422440
        },
        {
          "id": 903451823449917,
          "type": "VIEW_CONTENT",
          "timestamp": 1766143620
        },
        {
          "id": 903451823449917,
          "type": "VIEW_CONTENT",
          "timestamp": 1766007780
        },
        {
          "id": 903451823449917,
          "type": "PAGE_VIEW",
          "timestamp": 1766006460
        },
        {
          "id": 903451823449917,
          "type": "VIEW_CONTENT",
          "timestamp": 1765906740
        },
        {
          "id": 903451823449917,
          "type": "PAGE_VIEW",
          "timestamp": 1765833960
        },
        {
          "id": 903451823449917,
          "type": "PURCHASE",
          "timestamp": 1765826580
        },
        {
          "id": 903451823449917,
          "type": "PAGE_VIEW",
          "timestamp": 1765822800
        },
        {
          "id": 903451823449917,
          "type": "PAGE_VIEW",
          "timestamp": 1765812300
        },
        {
          "id": 903451823449917,
          "type": "PAGE_VIEW",
          "timestamp": 1765811580
        },
        {
          "id": 903451823449917,
          "type": "VIEW_CONTENT",
          "timestamp": 1765293180
        },
        {
          "id": 903451823449917,
          "type": "VIEW_CONTENT",
          "timestamp": 1764858000
        },
        {
          "id": 903451823449917,
          "type": "PAGE_VIEW",
          "timestamp": 1764828180
        },
        {
          "id": 903451823449917,
          "type": "PAGE_VIEW",
          "timestamp": 1764520380
        },
        {
          "id": 903451823449917,
          "type": "PAGE_VIEW",
          "timestamp": 1764520140
        },
        {
          "id": 903451823449917,
          "type": "PAGE_VIEW",
          "timestamp": 1764518100
        },
        {
          "id": 903451823449917,
          "type": "PAGE_VIEW",
          "timestamp": 1763848680
        },
        {
          "id": 903451823449917,
          "type": "PAGE_VIEW",
          "timestamp": 1763835780
        },
        {
          "id": 903451823449917,
          "type": "PAGE_VIEW",
          "timestamp": 1763583300
        },
        {
          "id": 903451823449917,
          "type": "PAGE_VIEW",
          "timestamp": 1763288160
        },
        {
          "id": 903451823449917,
          "type": "PAGE_VIEW",
          "timestamp": 1762113420
        },
        {
          "id": 903451823449917,
          "type": "PAGE_VIEW",
          "timestamp": 1761843720
        },
        {
          "id": 903451823449917,
          "type": "PAGE_VIEW",
          "timestamp": 1761423060
        },
        {
          "id": 903451823449917,
          "type": "PAGE_VIEW",
          "timestamp": 1760186220
        },
        {
          "id": 903451823449917,
          "type": "PAGE_VIEW",
          "timestamp": 1759832160
        },
        {
          "id": 903451823449917,
          "type": "PAGE_VIEW",
          "timestamp": 1759565280
        },
        {
          "id": 903451823449917,
          "type": "PURCHASE",
          "timestamp": 1759511340
        },
        {
          "id": 903451823449917,
          "type": "PAGE_VIEW",
          "timestamp": 1759510620
        },
        {
          "id": 903451823449917,
          "type": "PAGE_VIEW",
          "timestamp": 1759405980
        },
        {
          "id": 903451823449917,
          "type": "PAGE_VIEW",
          "timestamp": 1758130500
        },
        {
          "id": 903451823449917,
          "type": "PAGE_VIEW",
          "timestamp": 1756937940
        },
        {
          "id": 903451823449917,
          "type": "PURCHASE",
          "timestamp": 1756805940
        },
        {
          "id": 903451823449917,
          "type": "PAGE_VIEW",
          "timestamp": 1755975240
        },
        {
          "id": 903451823449917,
          "type": "PAGE_VIEW",
          "timestamp": 1755789060
        },
        {
          "id": 903451823449917,
          "type": "PURCHASE",
          "timestamp": 1754063220
        },
        {
          "id": 903451823449917,
          "type": "PAGE_VIEW",
          "timestamp": 1754063040
        },
        {
          "id": 903451823449917,
          "type": "PAGE_VIEW",
          "timestamp": 1752491160
        },
        {
          "id": 903451823449917,
          "type": "PAGE_VIEW",
          "timestamp": 1752481860
        },
        {
          "id": 903451823449917,
          "type": "PAGE_VIEW",
          "timestamp": 1751833260
        }
      ]
    },
    {
      "name": "Coolblue",
      "events": [
        {
          "id": 917877274954512,
          "type": "PURCHASE",
          "timestamp": 1770215100
        },
        {
          "id": 917877274954512,
          "type": "PURCHASE",
          "timestamp": 1754281500
        }
      ]
    },
    {
      "name": "Booking.com",
      "events": [
        {
          "id": 405133399621612,
          "type": "CUSTOM",
          "timestamp": 1769777820
        },
        {
          "id": 405133399621612,
          "type": "PAGE_VIEW",
          "timestamp": 1769776560
        },
        {
          "id": 405133399621612,
          "type": "VIEW_CONTENT",
          "timestamp": 1769775660
        },
        {
          "id": 405133399621612,
          "type": "CUSTOM",
          "timestamp": 1759482360
        },
        {
          "id": 405133399621612,
          "type": "CUSTOM",
          "timestamp": 1759412340
        },
        {
          "id": 405133399621612,
          "type": "VIEW_CONTENT",
          "timestamp": 1759411740
        },
        {
          "id": 405133399621612,
          "type": "PAGE_VIEW",
          "timestamp": 1754551500
        },
        {
          "id": 405133399621612,
          "type": "PAGE_VIEW",
          "timestamp": 1754550780
        },
        {
          "id": 405133399621612,
          "type": "VIEW_CONTENT",
          "timestamp": 1753020000
        },
        {
          "id": 405133399621612,
          "type": "VIEW_CONTENT",
          "timestamp": 1753019940
        },
        {
          "id": 405133399621612,
          "type": "PAGE_VIEW",
          "timestamp": 1750022760
        },
        {
          "id": 405133399621612,
          "type": "PAGE_VIEW",
          "timestamp": 1750012140
        },
        {
          "id": 405133399621612,
          "type": "PAGE_VIEW",
          "timestamp": 1750010760
        },
        {
          "id": 405133399621612,
          "type": "PAGE_VIEW",
          "timestamp": 1750006260
        },
        {
          "id": 405133399621612,
          "type": "PAGE_VIEW",
          "timestamp": 1749834060
        },
        {
          "id": 405133399621612,
          "type": "PAGE_VIEW",
          "timestamp": 1749833940
        },
        {
          "id": 405133399621612,
          "type": "PAGE_VIEW",
          "timestamp": 1749685740
        },
        {
          "id": 405133399621612,
          "type": "PAGE_VIEW",
          "timestamp": 1749684720
        },
        {
          "id": 405133399621612,
          "type": "PAGE_VIEW",
          "timestamp": 1749123780
        },
        {
          "id": 405133399621612,
          "type": "PAGE_VIEW",
          "timestamp": 1749121920
        },
        {
          "id": 405133399621612,
          "type": "VIEW_CONTENT",
          "timestamp": 1748884920
        }
      ]
    }
  ]
}