{
  "type": "FeatureCollection",
  "features": [
    {
      "geometry": {
        "coordinates": [
          4.8710107,
          52.3693586
        ],
        "type": "Point"
      },
      "properties": {
        "date": "2026-02-16T09:24:44.332526Z",
        "five_star_rating_published": 5,
        "google_maps_url": "https://www.google.com/maps/place//data=!4m2!3m1!1s0x0:0xf4b6cf0a6670d804",
        "location": {
          "address": "Bilderdijkstraat 91, 1053 KM Amsterdam, Netherlands",
          "country_code": "NL",
          "name": "Coolblue Amsterdam West"
        }
      },
      "type": "Feature"
    },
    {
      "geometry": {
        "coordinates": [
          4.8657199,
          52.3337568
        ],
        "type": "Point"
      },
      "properties": {
        "date": "2026-02-16T09:24:31.113337Z",
        "five_star_rating_published": 5,
        "google_maps_url": "https://www.google.com/maps/place//data=!4m2!3m1!1s0x0:0x2df2d7a997eccd84",
        "location": {
          "address": "De Boelelaan 1105, 1081 HV Amsterdam, Netherlands",
          "country_code": "NL",
          "name": "Vrije Universiteit Amsterdam"
        }
      },
      "type": "Feature"
    }
  ]
}