{
  "account_history_imprecise_last_known_location": [
    {
      "title": "",
      "media_map_data": {
        
      },
      "string_map_data": {
        "Onnauwkeurige lengtegraad": {
          "href": "",
          "value": "0",
          "timestamp": 0
        },
        "Exacte breedtegraad": {
          "href": "",
          "value": "0",
          "timestamp": 0
        },
        "Exacte lengtegraad": {
          "href": "",
          "value": "0",
          "timestamp": 0
        },
        "Uploadmoment GPS": {
          "href": "",
          "value": "",
          "timestamp": 0
        }
      }
    }
  ]
}