{
  "account_history_login_history": [
    {
      "title": "2025-03-06T18:05:46+00:00",
      "media_map_data": {
        
      },
      "string_map_data": {
        "Cookienaam": {
          "href": "",
          "value": "*************************WgY",
          "timestamp": 0
        },
        "IP-adres": {
          "href": "",
          "value": "195.240.98.54",
          "timestamp": 0
        },
        "Poort": {
          "href": "",
          "value": "0",
          "timestamp": 0
        },
        "Taalcode": {
          "href": "",
          "value": "en",
          "timestamp": 0
        },
        "Tijd": {
          "href": "",
          "value": "",
          "timestamp": 1741284346
        },
        "Gebruikersagent": {
          "href": "",
          "value": "Mozilla/5.0 (Linux; Android 10; K) AppleWebKit/537.36 (KHTML, like Gecko) Chrome/133.0.0.0 Mobile Safari/537.36",
          "timestamp": 0
        }
      }
    }
  ]
}