{
  "account_history_registration_info": [
    {
      "title": "",
      "media_map_data": {
        
      },
      "string_map_data": {
        "Gebruikersnaam": {
          "href": "",
          "value": "Wouter van Atteveldt",
          "timestamp": 0
        },
        "IP-adres": {
          "href": "",
          "value": "2001:981:5b02:1:b981:2c60:e4e7:aaa4",
          "timestamp": 0
        },
        "Tijd": {
          "href": "",
          "value": "",
          "timestamp": 1614692772
        },
        "E-mailadres": {
          "href": "",
          "value": "wouter@vanatteveldt.com",
          "timestamp": 0
        },
        "Telefoonnummer": {
          "href": "",
          "value": "",
          "timestamp": 0
        },
        "Apparaat": {
          "href": "",
          "value": "",
          "timestamp": 0
        }
      }
    }
  ]
}