{
  "profile_account_insights": [
    {
      "title": "",
      "media_map_data": {
        
      },
      "string_map_data": {
        "Contacten synchroniseren": {
          "href": "",
          "value": "False",
          "timestamp": 0
        },
        "Heeft een livevideo gedeeld": {
          "href": "",
          "value": "False",
          "timestamp": 0
        },
        "Laatste aanmelding": {
          "href": "",
          "value": "",
          "timestamp": 1741284346
        },
        "Laatste afmelding": {
          "href": "",
          "value": "",
          "timestamp": 0
        },
        "Tijd van eerste verhaal": {
          "href": "",
          "value": "",
          "timestamp": 0
        },
        "Tijd van laatste verhaal": {
          "href": "",
          "value": "",
          "timestamp": 0
        },
        "Tijd eerste verhaal voor beste vrienden": {
          "href": "",
          "value": "",
          "timestamp": 0
        }
      }
    }
  ]
}