{
  "profile_user": [
    {
      "title": "Gebruikersinformatie",
      "media_map_data": {
        
      },
      "string_map_data": {
        "E-mailadres": {
          "href": "",
          "value": "wouter@vanatteveldt.com",
          "timestamp": 0
        },
        "Telefoonnummer bevestigd": {
          "href": "",
          "value": "False",
          "timestamp": 0
        },
        "Gebruikersnaam": {
          "href": "",
          "value": "wouter.van.atteveldt",
          "timestamp": 0
        },
        "Naam": {
          "href": "",
          "value": "Wouter van Atteveldt",
          "timestamp": 0
        },
        "Geslacht": {
          "href": "",
          "value": "unspecified",
          "timestamp": 0
        },
        "Geboortedatum": {
          "href": "",
          "value": "1993-03-02",
          "timestamp": 0
        },
        "Priv\u00c3\u00a9account": {
          "href": "",
          "value": "False",
          "timestamp": 0
        },
        "Topscore emoji pong": {
          "href": "",
          "value": "0",
          "timestamp": 0
        }
      }
    }
  ]
}