[{
  "header": "YouTube",
  "title": "Watched NLNL - EXTENSIONIST - 6SEC - HERO2",
  "titleUrl": "https://www.youtube.com/watch?v\u003d928RiPFrIcQ",
  "description": "Watched at 10:17 AM",
  "time": "2026-02-16T09:17:00.011Z",
  "products": ["YouTube"],
  "details": [{
    "name": "From Google Ads"
  }],
  "activityControls": ["Web \u0026 App Activity", "YouTube watch history", "YouTube search history"]
},{
  "header": "YouTube",
  "title": "Searched for \"wouter van atteveldt\"",
  "titleUrl": "https://www.youtube.com/results?search_query\u003d%22wouter+van+atteveldt%22",
  "time": "2026-02-16T09:16:51.025Z",
  "products": ["YouTube"],
  "activityControls": ["YouTube search history"]
},{
  "header": "YouTube",
  "title": "Searched for \"kasper welbers\"",
  "titleUrl": "https://www.youtube.com/results?search_query\u003d%22kasper+welbers%22",
  "time": "2026-02-16T09:16:33.812Z",
  "products": ["YouTube"],
  "activityControls": ["YouTube search history"]
},{
  "header": "YouTube",
  "title": "Searched for welbers",
  "titleUrl": "https://www.youtube.com/results?search_query\u003dwelbers",
  "time": "2026-02-16T09:16:26.627Z",
  "products": ["YouTube"],
  "activityControls": ["YouTube search history"]
},{
  "header": "YouTube",
  "title": "Searched for amcat",
  "titleUrl": "https://www.youtube.com/results?search_query\u003damcat",
  "time": "2026-02-16T09:16:20.047Z",
  "products": ["YouTube"],
  "activityControls": ["YouTube search history"]
}]