[{
  "header": "YouTube",
  "title": "Watched Introduction: LDA Topic Modeling",
  "titleUrl": "https://www.youtube.com/watch?v\u003dELct2RRENQM",
  "subtitles": [{
    "name": "Wouter van Atteveldt",
    "url": "https://www.youtube.com/channel/UC_Z-JleHKTkrTqvBKfUZFBw"
  }],
  "time": "2026-02-16T09:17:22.447Z",
  "products": ["YouTube"],
  "activityControls": ["YouTube watch history"]
},{
  "header": "YouTube",
  "title": "Watched NLNL - EXTENSIONIST - 6SEC - HERO2",
  "titleUrl": "https://www.youtube.com/watch?v\u003d928RiPFrIcQ",
  "description": "Watched at 10:17 AM",
  "time": "2026-02-16T09:17:00.011Z",
  "products": ["YouTube"],
  "details": [{
    "name": "From Google Ads"
  }],
  "activityControls": ["Web \u0026 App Activity", "YouTube watch history", "YouTube search history"]
},{
  "header": "YouTube",
  "title": "Watched Webscraping in R",
  "titleUrl": "https://www.youtube.com/watch?v\u003d9GR26Y4z_v4",
  "subtitles": [{
    "name": "Kasper Welbers",
    "url": "https://www.youtube.com/channel/UC3wk--LSO6RkhoMXC6LM_9g"
  }],
  "time": "2026-02-16T09:16:39.599Z",
  "products": ["YouTube"],
  "activityControls": ["YouTube watch history"]
}]